,time,open,high,low,close,volume,EMA8,EMA155,UpperBand,LowerBand,Trend,Velocity,Acceleration,wpr,wpr_lf,H,L,H_idx,L_idx,dir,last_H,last_L,H_wpr,L_wpr,BOS,H_raw,L_raw,H_tf,L_tf,H_idx_tf,L_idx_tf,dir_tf,last_H_tf,last_L_tf,low_since_H,high_since_L,swing_tf,swing_H_tf,swing_L_tf,ST_Long,ST_Short,KO_Long,KO_Short,Risk_Long,Risk_Short,Risk_Long_Adm,Risk_Short_Adm,signal,run-up,draw-down
301,20260211  16:18:00,25233.0,25233.0,25218.0,25218.0,-1,25242.33358677879,25254.080885656913,25327.826441713616,25180.33532960021,-12.414100293972432,-0.0035465649259039584,0.0036185547223065843,-61.971830985915496,,25233.0,,301.0,299.0,-1.0,25233.0,25232.0,-61.971830985915496,-54.929577464788736,DOWN,,,,,265.0,264.0,1,25350.0,25137.0,25218.0,25350.0,213.0,,,25115.7,25350.0,102.29999999999927,132.0,0.40566262193670904,0.5234356412086605,True,False,SHORT,101.0,98.0
543,20260212  07:33:00,25447.0,25447.0,25440.0,25440.0,-1,25446.641343794578,25370.449216229692,25519.806556884218,25221.091875575166,29.01699560970022,0.0011916690150556223,-0.0009619466540009411,-95.8828911253431,,,,542.0,540.0,-1.0,25456.0,25447.0,-95.24245196706313,-94.69350411710887,DOWN,,,,,508.0,374.0,1,26488.0,25120.0,25396.0,26488.0,1368.0,,,24983.2,26488.0,456.7999999999993,1048.0,1.7955974842767268,4.119496855345912,True,False,SHORT,7.0,174.0
728,20260212  16:48:00,25406.0,25407.0,25401.0,25401.0,-1,25415.471511922246,25449.046140187143,25572.27890935156,25325.813371022727,17.683491394345392,-0.026702292185625223,-0.0010494504917671413,-68.2051282051282,,25407.0,,728.0,726.0,-1.0,25407.0,25405.0,-68.2051282051282,-65.64102564102564,DOWN,,,,,703.0,562.0,1,25534.0,25266.0,25339.0,25534.0,268.0,,,25239.2,25534.0,161.79999999999927,133.0,0.6369827959529123,0.5236014330144483,True,False,SHORT,27.0,275.0
942,20260213  06:39:00,25342.0,25342.0,25333.0,25335.0,-1,25351.098851602957,25359.94532355933,25497.69063681475,25222.200010303906,4.502371282696306,-0.034911861993648964,-0.006942077445347396,-96.92307692307692,-84.28362573099415,,,941.0,938.0,-1.0,25357.0,25343.0,-98.24561403508773,-85.71428571428571,DOWN,,,,,879.0,761.0,1,25402.0,25126.0,25333.0,25402.0,276.0,,,25098.4,25402.0,236.59999999999854,67.0,0.9338859285573261,0.264456285770673,True,False,SHORT,7.0,294.0
1189,20260213  19:00:00,25352.0,25353.0,25344.0,25345.0,-1,25400.57940171158,25249.103945790175,25443.83987819146,25054.368013388892,17.379782424086834,0.04987044095508327,-0.0203615876165874,-97.58281110116383,-78.99101589495508,,,1188.0,1187.0,-1.0,26435.0,25348.0,-96.95613249776186,-41.1764705882353,DOWN,,,,,1188.0,1098.0,1,26435.0,25080.0,25344.0,26435.0,1355.0,,,24944.5,26435.0,400.5,1090.0,1.5801933320181496,4.300651015979483,True,False,SHORT,919.0,389.0
1884,20260217  12:03:00,25122.0,25122.0,25115.0,25116.0,-1,25124.005546306606,25062.709341894246,25194.199785666824,24931.218898121668,6.315427904327502,0.040134943047643375,-0.005969239452154801,-81.18811881188118,-89.18187964841108,,,1883.0,1880.0,-1.0,25126.0,25121.0,-48.717948717948715,-47.20496894409938,DOWN,,,,,1843.0,1755.0,1,25199.0,24956.0,25038.0,25199.0,243.0,,,24931.7,25199.0,184.29999999999927,83.0,0.7337951903169265,0.3304666348144609,True,False,SHORT,207.0,64.0
2142,20260218  04:06:00,25145.0,25145.0,25138.0,25139.0,-1,25144.089521266873,25155.87063351734,25247.534277384126,25064.206989650556,6.136343688711707,-0.024468188246154255,-0.0019218211241414304,-94.11764705882354,-87.22067039106145,,,2141.0,2140.0,-1.0,25147.0,25144.0,-76.92307692307692,-76.92307692307692,DOWN,,,,,2085.0,1981.0,1,26388.0,25052.0,25135.0,26388.0,1336.0,,,24918.4,26388.0,220.59999999999854,1249.0,0.8775209833326646,4.96837583038307,True,False,SHORT,535.0,11.0
2411,20260218  17:33:00,25550.0,25550.0,25529.0,25532.0,-1,25555.241782704292,25456.828722201753,25585.334040049605,25328.3234043539,38.175082508927666,-0.0003211969109215458,-0.0012633440580106167,-53.80835380835381,-59.77653631284916,,,2402.0,2396.0,-1.0,25751.0,25537.0,-29.26829268292683,-27.61904761904762,DOWN,,,,,2402.0,2364.0,1,25751.0,25177.0,25529.0,25751.0,574.0,,,25119.6,25751.0,412.40000000000146,219.0,1.6152279492401749,0.8577471408428637,True,False,SHORT,31.0,164.0
2655,20260219  08:54:00,25480.0,25480.0,25474.0,25475.0,-1,25478.7075635006,25423.432670558665,25488.913367398894,25357.951973718435,1.4999513347797624,0.27145981331220587,-0.06807414829767594,-62.03007518796993,-68.33832335329342,25480.0,,2655.0,2653.0,-1.0,25480.0,25479.0,-62.03007518796993,-58.8235294117647,DOWN,,,,,2637.0,2614.0,1,25640.0,25368.0,25474.0,25640.0,272.0,,,25340.8,25640.0,134.20000000000073,165.0,0.5267909715407291,0.6476938174681061,True,False,SHORT,158.0,205.0
2787,20260219  15:30:00,25310.0,25310.0,25303.0,25306.0,-1,25311.917720913156,25357.054419275766,25490.830355411388,25223.278483140144,-15.80928407496201,0.0034534845085525926,0.0008972037749569511,-50.68493150684932,-83.81099922540666,,,2786.0,2784.0,-1.0,25316.0,25313.0,-45.205479452054796,-38.35616438356164,DOWN,,,,,2637.0,2614.0,1,25640.0,25368.0,25270.0,25640.0,272.0,,,25340.8,25640.0,-34.79999999999927,334.0,-0.13751679443609924,1.3198450960246582,True,False,SHORT,34.0,58.0
2919,20260220  01:15:00,25406.0,26494.0,25245.0,25246.0,-1,25337.667293995448,25270.54364758787,25349.350986784215,25191.736308391526,-16.95382693976786,-0.054729205929366975,-0.03744083241341002,-98.65612648221344,-91.36163982430453,26494.0,,2919.0,2916.0,-1.0,26494.0,25279.0,-98.65612648221344,-0.0,DOWN,26494.0,,26494.0,,2919.0,2863.0,1,26494.0,25215.0,25245.0,26494.0,1279.0,1279.0,,25087.1,26494.0,158.90000000000146,1248.0,0.6294066386754396,4.94335736354274,True,False,SHORT,1248.0,4.0
3260,20260220  18:18:00,25502.0,25503.0,25489.0,25490.0,-1,25507.55336231228,25424.757027297866,25563.230164775163,25286.28388982057,28.341035605045704,0.001987232198260405,-0.001871003309895518,-51.08695652173913,-80.9820193637621,,,3258.0,3257.0,-1.0,25520.0,25513.0,-26.08695652173913,-22.82608695652174,DOWN,,,,,3214.0,3183.0,1,26661.0,25279.0,25362.0,26661.0,1382.0,,,25140.8,26661.0,349.2000000000007,1171.0,1.3699489996076921,4.593958415064732,True,False,SHORT,1081.0,213.0
3634,20260223  16:09:00,25383.0,25383.0,25374.0,25375.0,-1,25406.391054016614,25400.038002265897,25460.508043525635,25339.56796100616,8.180328841899387,-0.021606930266407486,-0.008857452268335985,-99.48979591836735,-88.93499308437067,25383.0,,3634.0,3632.0,-1.0,25383.0,25381.0,-99.48979591836735,-99.47089947089947,DOWN,,,,,3601.0,3539.0,1,25570.0,25284.0,25374.0,25570.0,286.0,,,25255.4,25570.0,119.59999999999854,195.0,0.471330049261078,0.7684729064039408,True,False,SHORT,130.0,216.0
4151,20260224  21:09:00,25327.0,25327.0,25324.0,25325.0,-1,25309.189469374385,25302.936581982212,25458.56020770171,25147.312956262715,11.860949567697643,-0.0023059512954411083,-0.0003646761976749569,-53.36322869955157,-59.61070559610705,,,4150.0,4148.0,-1.0,25328.0,25328.0,-52.46636771300449,-52.44444444444444,DOWN,,,,,4109.0,3911.0,1,25446.0,25159.0,25221.0,25446.0,287.0,,,25130.3,25446.0,194.70000000000073,121.0,0.7688055281342576,0.4777887462981244,True,False,SHORT,1136.0,121.0
4351,20260225  10:18:00,25293.0,25293.0,25288.0,25289.0,-1,25292.377665609063,25338.51202593919,25429.073466219474,25247.95058565891,-3.836477970644962,0.06101233046956881,-0.0035126854465333326,-93.46733668341709,-90.01536098310292,25293.0,,4351.0,4349.0,-1.0,25293.0,25293.0,-93.46733668341709,-91.4572864321608,DOWN,,,,,4320.0,4304.0,1,25475.0,25204.0,25276.0,25475.0,271.0,,,25176.9,25475.0,112.09999999999854,186.0,0.44327573253192515,0.7354976471983866,True,False,SHORT,55.0,68.0
4861,20260226  14:57:00,25550.0,25551.0,25544.0,25544.0,-1,25550.935911145374,25463.178273673373,25586.775695257627,25339.58085208912,23.965199525151302,0.007038294034799028,-0.0011344946103197277,-62.27106227106227,-76.03946441155743,,,4860.0,4856.0,-1.0,25554.0,25550.0,-60.07326007326007,-59.34065934065934,DOWN,,,,,4852.0,4849.0,1,25714.0,25441.0,25544.0,25714.0,273.0,,,25413.7,25714.0,130.29999999999927,170.0,0.5101002192295618,0.6655183213279048,True,False,SHORT,16.0,111.0
5192,20260227  10:39:00,25649.0,25651.0,25643.0,25644.0,-1,25646.66326396015,25607.869591540224,25810.461767905043,25405.277415175406,12.759187831360238,0.0045795179685597055,-0.0008710946217882383,-59.05511811023622,-71.82685253118122,25651.0,,5192.0,5189.0,-1.0,25651.0,25647.0,-59.05511811023622,-57.48031496062992,DOWN,,,,,5178.0,5137.0,1,25794.0,25533.0,25632.0,25794.0,261.0,,,25506.9,25794.0,137.09999999999854,150.0,0.5346279831539484,0.584932147870847,True,False,SHORT,7.0,556.0
5508,20260302  05:36:00,25236.0,25236.0,25095.0,25098.0,-1,25214.337633880223,25323.139389706754,25606.31551399106,25039.963265422448,-48.916535553197235,0.0020964464103004556,0.005195611113712429,-98.19277108433735,-98.58356940509915,25236.0,,5508.0,5506.0,-1.0,25236.0,25236.0,-98.19277108433735,-15.24390243902439,DOWN,,,,,5498.0,5430.0,1,25261.0,25088.0,25095.0,25261.0,173.0,,,25070.7,25261.0,27.299999999999272,163.0,0.10877360745875876,0.6494541397720934,True,False,SHORT,138.0,10.0
5545,20260302  07:27:00,25174.0,25177.0,25075.0,25079.0,-1,25167.766063201823,25266.497303818127,25508.764024846783,25024.23058278947,-48.02073606405801,0.0011588229882312884,0.003877249345790015,-97.61904761904762,-99.44367176634213,25177.0,,5545.0,5538.0,-1.0,25177.0,25088.0,-97.61904761904762,-35.46511627906977,DOWN,,,,,5498.0,5430.0,1,25261.0,25088.0,25075.0,25261.0,173.0,,,25070.7,25261.0,8.299999999999272,182.0,0.03309541847760785,0.7257067666174888,True,False,SHORT,113.0,155.0
5638,20260302  12:06:00,25096.0,25096.0,25065.0,25065.0,-1,25088.610336160353,25124.369710059218,25309.760319838486,24938.97910027995,-41.724565749913346,-0.007370169417169334,0.0007428700082477936,-52.11267605633803,-83.79310344827586,,,5637.0,5636.0,-1.0,25098.0,25071.0,-27.388535031847134,-29.936305732484076,DOWN,,,,,5604.0,5591.0,1,25139.0,24924.0,25047.0,25139.0,215.0,,,24902.5,25139.0,162.5,74.0,0.6483143826052264,0.2952323957709954,True,False,SHORT,45.0,216.0
5714,20260302  15:54:00,24925.0,24925.0,24896.0,24899.0,-1,24926.651723642026,25010.65924610598,25171.383365201895,24849.935127010067,-48.011279556902515,-0.003485259197760625,0.0022896170750980457,-67.10526315789474,-94.70899470899471,,,5711.0,5709.0,-1.0,25001.0,24914.0,-26.31578947368421,-11.650485436893204,DOWN,,,,,5604.0,5591.0,1,25139.0,24924.0,24849.0,25139.0,215.0,,,24902.5,25139.0,-3.5,240.0,-0.014056789429294348,0.9638941322944696,True,False,SHORT,112.0,104.0
5862,20260303  02:27:00,24925.0,24925.0,24911.0,24912.0,-1,24929.29530262684,24908.747349282203,24990.164365436845,24827.33033312756,-18.25478026965213,-0.017374525894034317,0.0023193064710731355,-50.84033613445378,-86.47058823529412,,,5861.0,5859.0,-1.0,24936.0,24932.0,-45.378151260504204,-38.61003861003861,DOWN,,,,,5838.0,5820.0,1,25033.0,24774.0,24907.0,25033.0,259.0,,,24748.1,25033.0,163.90000000000146,121.0,0.6579158638407251,0.4857096981374438,True,False,SHORT,13.0,1160.0
6103,20260303  14:30:00,24007.0,24007.0,23974.0,23979.0,-1,24010.013267340608,24206.556124680497,24745.556429400207,23667.555819960788,-117.06679141870312,-0.0033972377820168844,0.0004917283851078977,-62.65060240963855,-87.84145688269952,,,6102.0,6097.0,-1.0,24020.0,23984.0,-51.40562248995984,-58.23293172690763,DOWN,,,,,6074.0,6041.0,1,24135.0,23752.0,23959.0,24135.0,383.0,,,23713.7,24135.0,265.2999999999993,156.0,1.1063847533258238,0.6505692480920805,True,False,SHORT,290.0,115.0
6208,20260303  19:45:00,24143.0,24145.0,24132.0,24133.0,-1,24162.54028790076,24104.657454589447,24313.50700911815,23895.807900060743,-37.664582957277425,-0.018674585267919878,0.0013944130160124073,-52.17391304347826,-78.1160252728317,,,6204.0,6203.0,-1.0,24219.0,24159.0,-38.04347826086956,-36.86006825938566,DOWN,,,,,6200.0,6134.0,1,24277.0,23864.0,24132.0,24277.0,413.0,,,23822.7,24277.0,310.2999999999993,144.0,1.2857912402104972,0.5966933244934323,True,False,SHORT,69.0,124.0
6276,20260304  02:18:00,24082.0,24088.0,24072.0,24077.0,-1,24092.184191095024,24118.46726299342,24326.1003213165,23910.834204670344,-12.657418943808738,0.004305342409025775,0.0017048358177845224,-79.22077922077922,-78.46255798542082,,,6274.0,6272.0,-1.0,24096.0,24083.0,-76.62337662337663,-77.14285714285714,DOWN,,,,,6255.0,6248.0,1,24382.0,23997.0,24022.0,24382.0,385.0,,,23958.5,24382.0,118.5,305.0,0.49217095153050633,1.2667691157536238,True,False,SHORT,11.0,285.0
6898,20260305  12:33:00,24535.0,24536.0,24486.0,24487.0,-1,24526.287671941347,24437.696235218616,24622.100788626114,24253.29168181112,15.4966138416519,0.016296910695780153,-0.0067232506660580525,-54.74452554744526,-23.373759647188535,24536.0,,6898.0,6895.0,-1.0,24536.0,24516.0,-54.74452554744526,-24.817518248175183,DOWN,,,,,6854.0,6821.0,1,24699.0,23985.0,24425.0,24699.0,714.0,,,23913.6,24699.0,573.4000000000015,212.0,2.3416506717850347,0.8657655082288561,True,False,SHORT,49.0,302.0
6974,20260305  16:21:00,24264.0,24268.0,24219.0,24221.0,-1,24270.346193676356,24372.76144083141,24583.56048920153,24161.962392461293,-16.340856820046614,0.028278793217332704,0.006039029949044098,-82.6086956521739,-52.701212789415656,,,6972.0,6971.0,-1.0,24306.0,24256.0,-58.333333333333336,-52.63157894736842,DOWN,,,,,6854.0,6821.0,1,24699.0,23985.0,24185.0,24699.0,714.0,,,23913.6,24699.0,307.40000000000146,478.0,1.2691466083151046,1.973494075389125,True,False,SHORT,52.0,313.0
7221,20260306  07:51:00,24212.0,24216.0,24191.0,24200.0,-1,24209.40262627499,24172.782182867224,24278.726124302255,24066.838241432193,5.169163353228285,0.023851569710105585,-0.00686413018523609,-78.44311377245509,-62.219451371571076,24216.0,,7221.0,7219.0,-1.0,24216.0,24212.0,-78.44311377245509,-71.25748502994011,DOWN,,,,,7185.0,7036.0,1,24331.0,23908.0,24164.0,24331.0,423.0,,,23865.7,24331.0,334.2999999999993,131.0,1.3814049586776829,0.5413223140495868,True,False,SHORT,130.0,630.0
7492,20260306  21:24:00,23896.0,23905.0,23867.0,23872.0,-1,23897.74509569993,23867.47808926856,24034.013183593353,23700.942994943765,-18.64627099628372,-0.020619865844890672,0.003746133043038946,-64.77272727272727,-73.25066430469442,,,7489.0,7487.0,-1.0,23929.0,23882.0,-2.272727272727273,-38.46153846153846,DOWN,,,,,7489.0,7375.0,1,23929.0,23570.0,23867.0,23929.0,359.0,,,23534.1,23929.0,337.90000000000146,57.0,1.415465817694376,0.2387734584450402,True,False,SHORT,33.0,1041.0
7755,20260309  13:42:00,23461.0,23465.0,23434.0,23438.0,-1,23479.15924671662,23352.721855297008,23660.334364985363,23045.109345608653,14.095779890596658,0.031330022722295216,-0.010926247308878659,-61.67664670658683,-60.01317523056653,,,7751.0,7749.0,-1.0,23541.0,23485.0,-9.090909090909092,-11.267605633802816,DOWN,,,,,7641.0,7538.0,1,23698.0,22831.0,23010.0,23698.0,867.0,,,22744.3,23698.0,693.7000000000007,260.0,2.9597235258981174,1.1093096680604149,True,False,SHORT,111.0,35.0
7777,20260309  14:48:00,23500.0,23522.0,23457.0,23459.0,-1,23507.902112102292,23389.27534510362,23628.01434632484,23150.5363438824,23.891380153119485,0.00970193840002246,-0.003940002381608148,-68.53932584269663,-58.13333333333333,,,7776.0,7775.0,-1.0,23522.0,23465.0,-45.50561797752809,-43.258426966292134,DOWN,,,,,7641.0,7538.0,1,23698.0,22831.0,23010.0,23698.0,867.0,,,22744.3,23698.0,714.7000000000007,239.0,3.046591926339574,1.018798755275161,True,False,SHORT,75.0,110.0
7973,20260310  03:45:00,23901.0,23904.0,23890.0,23893.0,-1,23910.95613748656,23817.91418150192,24158.916916092414,23476.91144691143,71.31281322498351,-0.0069796261919539354,-0.0003771737091890605,-84.78260869565217,-30.085582620144834,23904.0,,7973.0,7969.0,-1.0,23904.0,23903.0,-84.78260869565217,-73.91304347826087,DOWN,,,,,7921.0,7854.0,1,24350.0,23534.0,23393.0,24350.0,816.0,,,23452.4,24350.0,440.59999999999854,457.0,1.844054744067294,1.9126940945046669,True,False,SHORT,12.0,144.0
8123,20260310  11:15:00,24156.0,24182.0,24141.0,24144.0,-1,24173.62710008728,24008.624158562892,24327.630809593953,23689.61750753183,64.71031841315373,-0.0002216924988366541,-0.0006762813518370206,-52.34375,-15.071151358344114,24182.0,,8123.0,8118.0,-1.0,24182.0,24147.0,-52.34375,-46.09375,DOWN,,,,,8078.0,7997.0,1,24377.0,23749.0,23981.0,24377.0,628.0,,,23686.2,24377.0,457.7999999999993,233.0,1.8961232604373726,0.9650430748840292,True,False,SHORT,45.0,12.0
8148,20260310  12:30:00,24194.0,24203.0,24160.0,24162.0,-1,24196.18240651558,24062.66020877991,24412.418546501103,23712.90187105872,66.07644065245847,-0.003030693231552485,-0.0009378029568829238,-82.14285714285714,-13.906856403622252,,,8146.0,8144.0,-1.0,24206.0,24172.0,-56.54761904761905,-70.23809523809524,DOWN,,,,,8078.0,7997.0,1,24377.0,23749.0,23981.0,24377.0,628.0,,,23686.2,24377.0,475.7999999999993,215.0,1.9692078470325274,0.8898270010760699,True,False,SHORT,41.0,132.0
8200,20260310  15:06:00,24074.0,24081.0,24028.0,24029.0,-1,24073.71874005431,24090.053163208362,24293.65925999326,23886.447066423465,41.29261103152087,-0.017991816494483448,-0.001299040811609583,-99.44444444444444,-22.509702457956017,,,8199.0,8198.0,-1.0,24088.0,24033.0,-75.28089887640449,-89.88764044943821,DOWN,,,,,8078.0,7997.0,1,24377.0,23749.0,23981.0,24377.0,628.0,,,23686.2,24377.0,342.7999999999993,348.0,1.4266095135045125,1.448250031212285,True,False,SHORT,85.0,25.0
8282,20260310  19:12:00,24243.0,24255.0,24101.0,24107.0,-1,24232.824085347394,24184.399023420523,24332.242426758843,24036.555620082203,39.22059558208716,-0.010695082430650005,-0.007006555558016277,-97.53086419753086,-17.464424320827945,24255.0,,8282.0,8278.0,-1.0,24255.0,24256.0,-97.53086419753086,-38.497652582159624,DOWN,,,,,8264.0,8201.0,1,24344.0,24004.0,24101.0,24344.0,340.0,,,23970.0,24344.0,137.0,237.0,0.5682996639980089,0.9831169369892562,True,False,SHORT,254.0,204.0
8486,20260311  08:33:00,24085.0,24086.0,24033.0,24038.0,-1,24078.967864418788,24146.325785646302,24242.01665676551,24050.634914527094,-0.10939209404793493,-1.0039719761958585,-0.5762746848526408,-94.52054794520548,-29.86784140969163,24086.0,,8486.0,8484.0,-1.0,24086.0,24081.0,-94.52054794520548,-74.88584474885845,DOWN,,,,,8410.0,8311.0,1,24361.0,23903.0,24026.0,24361.0,458.0,,,23857.2,24361.0,180.79999999999927,323.0,0.7521424411348667,1.3437057991513437,True,False,SHORT,86.0,266.0
8569,20260311  12:42:00,23912.0,23912.0,23861.0,23869.0,-1,23915.038634489032,23988.578845695447,24270.15823159898,23706.999459791914,-35.20991024906195,0.0015829231184527985,0.0019524169035571117,-67.04119850187266,-49.416342412451364,,,8568.0,8566.0,-1.0,23918.0,23888.0,-50.93632958801498,-55.43071161048689,DOWN,,,,,8555.0,8519.0,1,24048.0,23772.0,23861.0,24048.0,276.0,,,23744.4,24048.0,124.59999999999854,179.0,0.522016004021947,0.7499266831455026,True,False,SHORT,100.0,97.0
8649,20260311  16:42:00,23837.0,23841.0,23812.0,23815.0,-1,23854.181864399136,23923.4741909582,24043.589224933356,23803.359156983046,-26.730020128020513,0.005093936530019786,0.002888550718487675,-99.07692307692308,-57.113821138211385,,,8647.0,8645.0,-1.0,23872.0,23825.0,-86.66666666666667,-90.47619047619048,DOWN,,,,,8615.0,8590.0,1,24137.0,23772.0,23812.0,24137.0,365.0,,,23735.5,24137.0,79.5,322.0,0.33382322065924835,1.352089019525509,True,False,SHORT,118.0,23.0
8745,20260311  21:30:00,23899.0,23899.0,23892.0,23892.0,-1,23902.62542286851,23903.968492761567,23984.739740815035,23823.1972447081,-9.964466492525126,-0.008728766729420072,0.0015126747153896142,-82.53968253968254,-77.22929936305732,,,8743.0,8742.0,-1.0,23904.0,23896.0,-73.01587301587301,-62.31884057971015,DOWN,,,,,8733.0,8658.0,1,23944.0,23792.0,23892.0,23944.0,152.0,,,23776.8,23944.0,115.20000000000073,52.0,0.4821697639377228,0.21764607399966515,True,False,SHORT,7.0,459.0
8990,20260312  12:54:00,23879.0,23880.0,23860.0,23861.0,-1,23891.33761400187,23765.939009897535,24013.668977156067,23518.209042639002,21.996423372421305,0.01657329773040381,-0.005301829325793997,-51.04895104895105,-53.87931034482759,,,8986.0,8985.0,-1.0,23934.0,23896.0,-9.79020979020979,-7.633587786259542,DOWN,,,,,8986.0,8822.0,1,23934.0,23433.0,23860.0,23934.0,501.0,,,23382.9,23934.0,478.09999999999854,73.0,2.0036880264867296,0.30593856083148235,True,False,SHORT,19.0,271.0
9118,20260312  19:18:00,23832.0,23832.0,23797.0,23799.0,-1,23820.72094163347,23775.360661762134,23912.11577301057,23638.605550513697,9.427710597803339,0.01297032396424517,-0.0063094090907883284,-63.20754716981132,-60.560344827586206,,,9117.0,9116.0,-1.0,23839.0,23816.0,-32.075471698113205,-35.3448275862069,DOWN,,,,,9105.0,9056.0,1,23866.0,23590.0,23793.0,23866.0,276.0,,,23562.4,23866.0,236.59999999999854,67.0,0.9941594184629545,0.2815244337997395,True,False,SHORT,34.0,148.0
9230,20260313  04:03:00,23843.0,23843.0,23832.0,23834.0,-1,23842.56567577067,23811.704070703538,23900.55612538197,23722.852016025106,12.793925887963766,-0.0012657377961641475,-0.0014555338132966134,-96.66666666666667,-50.61576354679803,,,9229.0,9228.0,-1.0,23847.0,23838.0,-90.74074074074075,-85.71428571428571,DOWN,,,,,9196.0,9169.0,1,23892.0,23651.0,23832.0,23892.0,241.0,,,23626.9,23892.0,207.09999999999854,58.0,0.8689267433078733,0.24334983636821347,True,False,SHORT,21.0,18.0
9272,20260313  06:09:00,23835.0,23835.0,23819.0,23820.0,-1,23830.476370541575,23823.146204823624,23913.640977001403,23732.651432645845,10.895990137062379,-0.010636724433446031,-0.0019811064869935877,-92.0,-52.33990147783251,23835.0,,9272.0,9270.0,-1.0,23835.0,23826.0,-92.0,-72.0,DOWN,,,,,9196.0,9169.0,1,23892.0,23651.0,23816.0,23892.0,241.0,,,23626.9,23892.0,193.09999999999854,72.0,0.8106633081444103,0.30226700251889166,True,False,SHORT,20.0,311.0
9454,20260313  15:15:00,23853.0,23859.0,23825.0,23831.0,-1,23869.695483825322,23797.108860251843,24012.36805519999,23581.849665303696,15.944814038560468,0.003825949448037814,-0.003579522012211212,-59.70695970695971,-29.055258467023172,,,9453.0,9452.0,-1.0,23862.0,23836.0,-51.64835164835165,-52.747252747252745,DOWN,,,,,9443.0,9338.0,1,23994.0,23509.0,23825.0,23994.0,485.0,,,23460.5,23994.0,370.5,163.0,1.5546976627082372,0.6839830472913432,True,False,SHORT,67.0,331.0
9630,20260316  03:12:00,23702.0,23702.0,23695.0,23697.0,-1,23704.81197491275,23689.669366086848,23796.82049697834,23582.518235195355,-6.348016097439484,-0.022048087039229346,0.001977812736752259,-55.4140127388535,-59.87903225806452,,,9629.0,9628.0,-1.0,23704.0,23700.0,-35.80786026200873,-29.225352112676056,DOWN,,,,,9591.0,9589.0,1,23784.0,23500.0,23627.0,23784.0,284.0,,,23471.6,23784.0,225.40000000000146,87.0,0.9511752542515992,0.36713508038992276,True,False,SHORT,28.0,29.0
9731,20260316  08:15:00,23749.0,23749.0,23732.0,23741.0,-1,23757.43757716799,23721.72425841749,23815.263643203565,23628.184873631413,7.142656719420015,0.009120077191966012,-0.007999570353227752,-51.515151515151516,-51.21457489878542,,,9728.0,9721.0,-1.0,23784.0,23746.0,-26.262626262626263,-29.87012987012987,DOWN,,,,,9725.0,9638.0,1,23792.0,23668.0,23732.0,23792.0,124.0,,,23655.6,23792.0,85.40000000000146,51.0,0.35971526051978203,0.21481824691462026,True,False,SHORT,8.0,190.0
9875,20260316  15:27:00,23874.0,23879.0,23853.0,23853.0,-1,23876.866535789035,23759.991842486503,23942.268063933494,23577.71562103951,21.83744997031475,0.01492588667242202,-0.0028645097965589728,-50.70422535211268,-28.54251012145749,23879.0,,9875.0,9872.0,-1.0,23879.0,23864.0,-50.70422535211268,-33.333333333333336,DOWN,,,,,9869.0,9785.0,1,23925.0,23551.0,23853.0,23925.0,374.0,,,23513.6,23925.0,339.40000000000146,72.0,1.4228818178007019,0.30184882404728963,True,False,SHORT,54.0,66.0
9914,20260316  17:24:00,23819.0,23819.0,23791.0,23800.0,-1,23831.494439909333,23797.602529191758,24005.387643652557,23589.81741473096,25.3565531127019,-0.00867674949203536,-0.0035223139675950197,-90.0,-39.27125506072875,,,9912.0,9908.0,-1.0,23863.0,23807.0,-50.76923076923077,-73.18840579710145,DOWN,,,,,9869.0,9785.0,1,23925.0,23551.0,23787.0,23925.0,374.0,,,23513.6,23925.0,286.40000000000146,125.0,1.2033613445378213,0.5252100840336135,True,False,SHORT,45.0,23.0
9980,20260316  20:42:00,23833.0,23833.0,23822.0,23825.0,-1,23838.50975506368,23816.912572670266,23882.408445863035,23751.416699477497,16.4705244771343,-0.008112201841332064,-0.0018440559325106545,-62.280701754385966,-34.21052631578947,,,9978.0,9977.0,-1.0,23850.0,23833.0,-50.87719298245614,-53.50877192982456,DOWN,,,,,9969.0,9918.0,1,23896.0,23777.0,23822.0,23896.0,119.0,,,23765.1,23896.0,59.900000000001455,71.0,0.25141657922351085,0.29800629590766003,True,False,SHORT,43.0,76.0
10045,20260317  03:06:00,23792.0,23792.0,23785.0,23785.0,-1,23790.00094929292,23808.019618429447,23876.290956771674,23739.74828008722,3.250996710320319,-0.04045636854902815,-0.005836046647049897,-64.35643564356435,-42.30769230769231,,,10044.0,10043.0,-1.0,23798.0,23790.0,-57.42574257425743,-55.445544554455445,DOWN,,,,,9969.0,9918.0,1,23896.0,23777.0,23749.0,23896.0,119.0,,,23765.1,23896.0,19.900000000001455,111.0,0.08366617616145242,0.4666806811015346,True,False,SHORT,14.0,22.0
10085,20260317  05:06:00,23766.0,23767.0,23754.0,23755.0,-1,23768.11026123069,23797.225975641024,23858.889388261083,23735.562563020965,-1.6311638518714764,0.12715676074723037,-0.001612606926588711,-97.77777777777777,-48.38056680161943,23767.0,,10085.0,10082.0,-1.0,23767.0,23764.0,-97.77777777777777,-88.88888888888889,DOWN,,,,,9969.0,9918.0,1,23896.0,23777.0,23749.0,23896.0,119.0,,,23765.1,23896.0,-10.099999999998545,141.0,-0.04251736476530644,0.5935592506840665,True,False,SHORT,22.0,3.0
10117,20260317  06:42:00,23758.0,23758.0,23745.0,23747.0,-1,23764.48605334438,23789.144131936187,23852.100460521146,23726.18780335123,-3.7387263690323533,0.039174315411839127,0.007919636789455203,-95.83333333333333,-50.0,23758.0,,10117.0,10111.0,-1.0,23758.0,23773.0,-95.83333333333333,-46.51162790697674,DOWN,,,,,9969.0,9918.0,1,23896.0,23777.0,23745.0,23896.0,119.0,,,23765.1,23896.0,-18.099999999998545,149.0,-0.07622015412472541,0.6274476776013812,True,False,SHORT,40.0,117.0
10333,20260317  17:30:00,23938.0,23948.0,23918.0,23921.0,-1,23936.533225823878,23901.26871283399,24064.67722994614,23737.860195721838,29.279207227481056,-0.0073535704399502735,-0.0010713942621175558,-83.21678321678321,-22.037037037037038,,,10331.0,10330.0,-1.0,23952.0,23930.0,-67.83216783216783,-74.12587412587412,DOWN,,,,,10303.0,10126.0,1,24040.0,23630.0,23897.0,24040.0,410.0,,,23589.0,24040.0,332.0,119.0,1.3879018435684127,0.49747084152000337,True,False,SHORT,47.0,31.0
10573,20260318  08:39:00,24089.0,24089.0,24071.0,24082.0,-1,24095.73953354346,24042.31143361509,24166.75298313204,23917.86988409814,28.535594498044492,-0.004359961795401851,-0.0013720202611245402,-85.33333333333333,-10.756302521008404,,,10570.0,10568.0,-1.0,24108.0,24085.0,-62.16216216216216,-72.72727272727273,DOWN,,,,,10560.0,10372.0,1,24146.0,23890.0,24071.0,24146.0,256.0,,,23864.4,24146.0,217.59999999999854,64.0,0.9035794369238376,0.2657586579187775,True,False,SHORT,7.0,64.0
10659,20260318  12:57:00,24089.0,24093.0,24056.0,24060.0,-1,24083.3277116162,24086.99942500613,24154.52581467355,24019.473035338713,20.522898415057426,-0.016184540782971015,-0.0017737262845805672,-90.3225806451613,-20.66420664206642,,,10658.0,10657.0,-1.0,24094.0,24068.0,-66.93548387096774,-70.16129032258064,DOWN,,,,,10628.0,10580.0,1,24172.0,24018.0,24048.0,24172.0,154.0,,,24002.6,24172.0,57.400000000001455,112.0,0.2385702410640127,0.4655029093931837,True,False,SHORT,33.0,763.0
10917,20260319  05:00:00,23441.0,23441.0,23423.0,23432.0,-1,23449.10479893781,23507.532997182916,23772.971810224135,23242.094184141697,-60.10102039838244,-0.00717173535512308,0.0008492447499373586,-50.0,-84.57142857142857,,,10915.0,10907.0,-1.0,23461.0,23435.0,-25.225225225225227,-40.54054054054054,DOWN,,,,,10889.0,10852.0,1,23483.0,23297.0,23423.0,23483.0,186.0,,,23278.4,23483.0,153.59999999999854,51.0,0.6555138272447872,0.21765107545237283,True,False,SHORT,9.0,189.0
11004,20260319  09:21:00,23351.0,23358.0,23312.0,23316.0,-1,23351.264981158256,23390.87781031153,23504.643793595304,23277.111827027755,-45.93831848582104,-0.007574937238756592,0.002069977110732683,-54.93827160493827,-92.14208826695372,,,11001.0,10998.0,-1.0,23389.0,23321.0,-19.135802469135804,-32.098765432098766,DOWN,,,,,10889.0,10852.0,1,23483.0,23297.0,23243.0,23483.0,186.0,,,23278.4,23483.0,37.599999999998545,167.0,0.16126265225595535,0.716246354434723,True,False,SHORT,42.0,344.0
11125,20260319  15:24:00,23096.0,23104.0,23081.0,23087.0,-1,23129.918324178918,23173.259724601485,23380.289680549944,22966.229768653026,-52.469101891065584,-0.006303424295821582,0.0019849668941914556,-52.083333333333336,-90.41666666666667,,,11121.0,11120.0,-1.0,23197.0,23142.0,-22.916666666666668,-12.083333333333334,DOWN,,,,,11118.0,11102.0,1,23212.0,22972.0,23081.0,23212.0,240.0,,,22948.0,23212.0,139.0,125.0,0.6020704292458959,0.5414302421276043,True,False,SHORT,86.0,26.0
11145,20260319  16:24:00,23137.0,23140.0,23089.0,23089.0,-1,23134.62369881668,23162.315948235726,23336.14368403804,22988.48821243341,-44.30290393986937,-0.00848043294408824,0.0026178658220005306,-53.246753246753244,-90.25,,,11142.0,11140.0,-1.0,23204.0,23133.0,-18.181818181818183,-27.916666666666668,DOWN,,,,,11118.0,11102.0,1,23212.0,22972.0,23061.0,23212.0,240.0,,,22948.0,23212.0,141.0,123.0,0.6106804105851271,0.5327212092338343,True,False,SHORT,72.0,34.0
11164,20260319  17:21:00,23095.0,23103.0,23066.0,23085.0,-1,23112.14898776002,23150.85941783266,23267.50784953638,23034.21098612894,-38.706334388303254,-0.005281931145303784,0.0016950613966711893,-79.86577181208054,-90.58333333333333,,,11162.0,11160.0,-1.0,23130.0,23095.0,-58.38926174496644,-65.1006711409396,DOWN,,,,,11118.0,11102.0,1,23212.0,22972.0,23055.0,23212.0,240.0,,,22948.0,23212.0,137.0,127.0,0.5934589560320555,0.5501407840589126,True,False,SHORT,252.0,151.0
11302,20260320  03:24:00,23248.0,23248.0,23239.0,23241.0,-1,23250.6504220593,23187.585883451604,23396.624765805478,22978.54700109773,11.650189560878138,0.014992505930164731,-0.002973232633293332,-64.28571428571429,-75.20193861066235,,,11300.0,11299.0,-1.0,23258.0,23244.0,-48.80952380952381,-50.0,DOWN,,,,,11222.0,11181.0,1,23337.0,22934.0,23176.0,23337.0,403.0,,,22893.7,23337.0,347.2999999999993,96.0,1.4943418957876136,0.4130631212082096,True,False,SHORT,20.0,135.0
11434,20260320  10:00:00,23259.0,23270.0,23236.0,23237.0,-1,23275.448252028516,23226.00807803992,23320.3036614937,23131.712494586136,12.552156092994801,0.0009118968624327234,-0.00571074780268292,-53.284671532846716,-75.44570502431118,,,11433.0,11432.0,-1.0,23282.0,23247.0,-44.765342960288805,-39.711191335740075,DOWN,,,,,11419.0,11394.0,1,23383.0,23106.0,23236.0,23383.0,277.0,,,23078.3,23383.0,158.70000000000073,146.0,0.682962516675994,0.6283083014158454,True,False,SHORT,33.0,341.0
11515,20260320  14:03:00,23107.0,23111.0,23068.0,23074.0,-1,23099.27597809658,23124.116038230335,23335.79742530843,22912.43465115224,-19.88277393323138,-0.0060049547292009035,0.0034508214884846943,-53.44827586206897,-80.13392857142857,,,11514.0,11513.0,-1.0,23122.0,23097.0,-16.86046511627907,-12.745098039215685,DOWN,,,,,11511.0,11461.0,1,23136.0,22896.0,23068.0,23136.0,240.0,,,22872.0,23136.0,202.0,62.0,0.8754442229349051,0.26870070208893126,True,False,SHORT,37.0,784.0
11682,20260323  01:33:00,22270.0,22271.0,22240.0,22241.0,-1,22299.797148468744,22539.891287922048,22864.116459551566,22215.66611629253,-99.56755595373888,0.0021504560899968587,0.0008087460476178408,-99.52380952380952,-99.9195494770716,,,11679.0,11676.0,-1.0,22314.0,22244.0,-75.24271844660194,-82.03883495145631,DOWN,,,,,11511.0,11461.0,1,23136.0,22896.0,22240.0,23136.0,240.0,,,22872.0,23136.0,-631.0,895.0,-2.837102648262219,4.024099635807742,True,False,SHORT,168.0,173.0
11862,20260323  10:33:00,22170.0,22170.0,22088.0,22090.0,-1,22164.56098818411,22227.48037991259,22372.695474479566,22082.265285345617,-54.55785522822205,-0.005178731006798859,0.0034448945936504383,-87.28323699421965,-98.32699619771863,,,11861.0,11859.0,-1.0,22207.0,22153.0,-41.040462427745666,-36.41618497109827,DOWN,,,,,11773.0,11691.0,1,22304.0,22172.0,22068.0,22409.0,132.0,,,22158.8,22419.5,-68.79999999999927,329.5,-0.31145314622000575,1.4916251697600724,True,False,SHORT,1460.0,32.0
11941,20260323  14:30:00,22950.0,22969.0,22906.0,22908.0,-1,22979.446290663436,22561.418458701173,23340.047846176938,21782.78907122541,86.94623970261917,0.011473185806349512,-0.0019121619148090834,-68.62302483069978,-43.029490616621985,,,11940.0,11939.0,-1.0,22984.0,22932.0,-59.14221218961625,-56.207674943566595,DOWN,,,,,11895.0,11887.0,1,23550.0,22058.0,22435.0,23550.0,1492.0,,,21908.8,23550.0,999.2000000000007,642.0,4.3617950061114055,2.8025144054478783,True,False,SHORT,121.0,22.0
11988,20260323  16:51:00,23081.0,23090.0,22987.0,23005.0,-1,23097.23687803959,22819.55340717786,23723.034968477445,21916.071845878276,127.09550017485293,-0.0032100800332086617,-0.0013280630984566792,-94.15584415584415,-36.52815013404826,,,11987.0,11986.0,-1.0,23099.0,23046.0,-70.39473684210526,-73.35526315789474,DOWN,,,,,11895.0,11887.0,1,23550.0,22058.0,22435.0,23550.0,1492.0,,,21908.8,23550.0,1096.2000000000007,545.0,4.765051075853079,2.369050206476853,True,False,SHORT,85.0,221.0
12068,20260323  20:51:00,23000.0,23001.0,22960.0,22969.0,-1,22994.91442970293,22924.820724713867,23131.096449899607,22718.544999528127,72.43860172122697,-0.008266089917249286,-0.0009705973493579411,-76.30057803468208,-38.94101876675603,,,12066.0,12065.0,-1.0,23029.0,22984.0,-50.86705202312139,-59.53757225433526,DOWN,,,,,12047.0,12001.0,1,23101.0,22784.0,22960.0,23101.0,317.0,,,22752.3,23101.0,216.70000000000073,132.0,0.9434455135182233,0.5746876224476468,True,False,SHORT,32.0,372.0
12197,20260324  06:27:00,22616.0,22617.0,22582.0,22584.0,-1,22624.583048869215,22739.08615042748,23048.75522176818,22429.41707908678,-28.02083494816978,0.011608353570710226,0.003543562784640502,-98.33333333333333,-64.74530831099196,,,12194.0,12191.0,-1.0,22685.0,22594.0,-41.666666666666664,-80.55555555555556,DOWN,,,,,12047.0,12001.0,1,23101.0,22784.0,22582.0,23101.0,317.0,,,22752.3,23101.0,-168.29999999999927,517.0,-0.7452178533474995,2.2892313142047467,True,False,SHORT,100.0,8.0
12254,20260324  09:18:00,22858.0,22862.0,22772.0,22778.0,-1,22861.03900565614,22768.333817762057,22935.367748561235,22601.29988696288,-0.4290469448778027,-0.4214299940302686,-0.01390022450967715,-70.08928571428571,-51.742627345844504,,,12253.0,12251.0,-1.0,22903.0,22872.0,-33.47826086956522,-18.431372549019606,DOWN,,,,,12249.0,12198.0,1,22935.0,22576.0,22772.0,22935.0,359.0,,,22540.1,22935.0,237.90000000000146,157.0,1.044428834840642,0.6892615681798226,True,False,SHORT,84.0,175.0
12338,20260324  13:30:00,22764.0,22768.0,22712.0,22714.0,-1,22766.94612979554,22764.665595838345,22922.18840258612,22607.14278909057,1.512822585794417,-0.04457321811951743,-0.08118080406059722,-90.66666666666667,-56.03217158176944,,,12337.0,12335.0,-1.0,22810.0,22760.0,-57.333333333333336,-48.666666666666664,DOWN,,,,,12324.0,12273.0,1,22850.0,22603.0,22700.0,22850.0,247.0,,,22578.3,22850.0,135.70000000000073,136.0,0.5974288984767137,0.5987496698071674,True,False,SHORT,130.0,171.0
12562,20260325  03:51:00,23066.0,23066.0,23050.0,23054.0,-1,23064.655239055606,22964.36745439456,23290.484176541642,22638.250732247478,53.89243588743263,-0.003421152169027027,-0.0005270796965773338,-96.94656488549619,-33.24396782841823,,,12560.0,12558.0,-1.0,23074.0,23057.0,-89.68253968253968,-96.94656488549619,DOWN,,,,,12519.0,12429.0,1,23186.0,22680.0,23050.0,23186.0,506.0,,,22629.4,23186.0,424.59999999999854,132.0,1.8417628177322745,0.5725687516266158,True,False,SHORT,26.0,34.0
12652,20260325  08:21:00,23048.0,23054.0,23011.0,23018.0,-1,23042.317808193333,23035.953125861866,23113.466475252604,22958.43977647113,31.561477096158555,-0.01272701570908661,-0.0017652686014071745,-93.51851851851852,-35.656836461126005,,,12651.0,12648.0,-1.0,23064.0,23025.0,-69.6078431372549,-82.3529411764706,DOWN,,,,,12604.0,12570.0,1,23126.0,23020.0,23011.0,23126.0,106.0,,,23009.4,23126.0,8.599999999998545,108.0,0.037362064471277025,0.46919801894169777,True,False,SHORT,50.0,14.0
12806,20260325  16:03:00,23161.0,23187.0,23151.0,23152.0,-1,23186.033090103567,23171.31992209631,23273.870298816033,23068.76954537659,22.812674693932596,-0.013173971635096093,-0.00272418113096984,-69.33333333333333,-17.7027027027027,23187.0,,12806.0,12799.0,-1.0,23187.0,23182.0,-69.33333333333333,-40.0,DOWN,,,,,12747.0,12653.0,1,23283.0,23004.0,23079.0,23283.0,279.0,,,22976.1,23283.0,175.90000000000146,131.0,0.7597615756738142,0.5658258465791292,True,False,SHORT,46.0,141.0
12907,20260325  21:06:00,23109.0,23111.0,23099.0,23100.0,-1,23115.17464532333,23143.222165295178,23220.905741541155,23065.5385890492,0.28135936596858296,-0.3487817835135709,-0.1383410759614123,-66.34615384615384,-24.72972972972973,,,12905.0,12902.0,-1.0,23136.0,23104.0,-42.30769230769231,-53.57142857142857,DOWN,,,,,12859.0,12811.0,1,23205.0,23011.0,23065.0,23205.0,194.0,,,22991.6,23205.0,108.40000000000146,105.0,0.4692640692640756,0.45454545454545453,True,False,SHORT,36.0,145.0
13003,20260326  05:03:00,23012.0,23016.0,23001.0,23003.0,-1,23017.101844017412,23074.035709948046,23183.07438643549,22964.9970334606,-18.43079127320296,0.005820519066783983,0.0011254258203380494,-63.3587786259542,-37.83783783783784,,,13002.0,13000.0,-1.0,23021.0,23011.0,-56.48854961832061,-54.961832061068705,DOWN,,,,,12859.0,12811.0,1,23205.0,23011.0,22955.0,23205.0,194.0,,,22991.6,23205.0,11.400000000001455,202.0,0.049558753206109876,0.8781463287397296,True,False,SHORT,27.0,109.0
13063,20260326  08:03:00,22945.0,22968.0,22913.0,22919.0,-1,22949.235061484746,23013.030966146885,23139.07930049932,22886.98263179445,-26.594672064391617,0.0011959630744257578,0.0023751671185877773,-78.26086956521739,-49.189189189189186,,,13062.0,13060.0,-1.0,22973.0,22941.0,-60.46511627906977,-50.76923076923077,DOWN,,,,,12859.0,12811.0,1,23205.0,23011.0,22894.0,23205.0,194.0,,,22991.6,23205.0,-72.59999999999854,286.0,-0.31676774728390655,1.2478729438457177,True,False,SHORT,49.0,46.0
13091,20260326  09:27:00,22899.0,22907.0,22853.0,22859.0,-1,22901.372690699598,22983.620731332197,23105.42735419074,22861.814108473656,-28.667989956002298,0.0059143443224964586,0.0025649410144175724,-95.2755905511811,-57.2972972972973,22907.0,,13091.0,13088.0,-1.0,22907.0,22877.0,-95.2755905511811,-60.74766355140187,DOWN,,,,,12859.0,12811.0,1,23205.0,23011.0,22853.0,23205.0,194.0,,,22991.6,23205.0,-132.59999999999854,346.0,-0.580077868673164,1.5136270178048032,True,False,SHORT,48.0,101.0
13150,20260326  12:24:00,22853.0,22856.0,22816.0,22818.0,-1,22851.81777158196,22909.6272890401,23046.60997610685,22772.644601973352,-33.58719222545012,-0.0020663606909268337,0.002005699647647687,-60.78431372549019,-62.83783783783784,,,13148.0,13147.0,-1.0,22872.0,22844.0,-41.830065359477125,-35.947712418300654,DOWN,,,,,13132.0,13115.0,1,22911.0,22758.0,22816.0,22911.0,153.0,,,22742.7,22911.0,75.29999999999927,93.0,0.33000262950302073,0.407572968708914,True,False,SHORT,38.0,79.0
13219,20260326  15:51:00,22911.0,22919.0,22875.0,22878.0,-1,22921.051681594745,22882.372209403737,22992.71017822908,22772.034240578392,-17.089001782118473,-0.01917350636954324,0.004038210866834986,-54.91803278688525,-67.16417910447761,,,13218.0,13216.0,-1.0,22929.0,22890.0,-41.39344262295082,-44.26229508196721,DOWN,,,,,13215.0,13162.0,1,23012.0,22739.0,22875.0,23012.0,273.0,,,22711.7,23012.0,166.29999999999927,134.0,0.7268992044759125,0.5857155345747006,True,False,SHORT,41.0,128.0
13303,20260326  20:03:00,22787.0,22788.0,22770.0,22772.0,-1,22791.295270589624,22833.713769189744,22941.51516146057,22725.912376918917,-19.42418359408399,0.0006780316656140893,0.002504996945354772,-77.08333333333333,-93.93382352941177,,,13302.0,13300.0,-1.0,22806.0,22783.0,-61.458333333333336,-53.125,DOWN,,,,,13215.0,13162.0,1,23012.0,22739.0,22750.0,23012.0,273.0,,,22711.7,23012.0,60.29999999999927,240.0,0.26479887581239797,1.0539258738802038,True,False,SHORT,264.0,74.0
13354,20260327  01:45:00,22777.0,22777.0,22761.0,22765.0,-1,22788.592353395863,22817.048610559497,22943.87704498981,22690.220176129184,-13.995994789990235,0.004058189543980249,0.0027659666956604094,-82.82051282051282,-88.54700854700855,,,13353.0,13351.0,-1.0,22791.0,22775.0,-79.74358974358974,-79.23076923076923,DOWN,,,,,13326.0,13323.0,1,23088.0,22698.0,22761.0,23088.0,390.0,,,22659.0,23088.0,106.0,323.0,0.46562705908192403,1.4188447177685044,True,False,SHORT,102.0,5.0
13477,20260327  07:54:00,22861.0,22873.0,22856.0,22860.0,-1,22885.20076132782,22880.741114451695,22981.319250740937,22780.162978162454,12.021768301119016,-0.0199051729384226,-0.003067665068028448,-96.49122807017544,-72.3076923076923,22873.0,,13477.0,13471.0,-1.0,22873.0,22903.0,-96.49122807017544,-92.6470588235294,DOWN,,,,,13326.0,13323.0,1,23088.0,22698.0,22760.0,23088.0,390.0,,,22659.0,23088.0,201.0,228.0,0.8792650918635171,0.9973753280839894,True,False,SHORT,18.0,463.0
13658,20260327  16:57:00,22516.0,22520.0,22497.0,22504.0,-1,22535.41586408527,22557.41308173643,22656.076284745366,22458.749878727496,-40.40741333816575,-0.00850613844974779,0.0022130031368574575,-54.83870967741935,-86.75742574257426,,,13656.0,13653.0,-1.0,22574.0,22531.0,-36.02150537634409,-33.87096774193548,DOWN,,,,,13651.0,13559.0,1,22606.0,22397.0,22497.0,22606.0,209.0,,,22376.1,22606.0,127.90000000000146,102.0,0.5683434056167858,0.45325275506576607,True,False,SHORT,42.0,378.0
14100,20260330  19:12:00,22714.0,22722.0,22703.0,22706.0,-1,22723.43349530639,22620.659968642347,22821.23392732714,22420.086009957555,44.85995363519547,-0.00125555118211434,-0.0011059296910825955,-64.11764705882354,-39.70893970893971,,,14098.0,14097.0,-1.0,22742.0,22713.0,-46.470588235294116,-52.94117647058823,DOWN,,,,,14073.0,13774.0,1,22815.0,22126.0,22703.0,22815.0,689.0,,,22057.1,22815.0,648.9000000000015,109.0,2.8578349334977604,0.48004932616929447,True,False,SHORT,16.0,180.0
14224,20260331  05:33:00,22817.0,22836.0,22808.0,22813.0,-1,22832.599210478424,22728.282883860044,22950.64816026215,22505.917607457937,41.60288921791679,-0.0007273689572874342,-0.0007615184494053938,-95.41284403669725,-18.601895734597157,22836.0,,14224.0,14221.0,-1.0,22836.0,22821.0,-95.41284403669725,-77.98165137614679,DOWN,,,,,14186.0,14160.0,1,22917.0,22478.0,22808.0,22917.0,439.0,,,22434.1,22917.0,378.90000000000146,104.0,1.660895103668967,0.45588041905930826,True,False,SHORT,23.0,120.0
14296,20260331  09:09:00,22745.0,22747.0,22713.0,22716.0,-1,22762.085330496466,22768.105222110276,22973.93441391675,22562.2760303038,26.494392047118122,-0.01806398362844657,-0.00394532324622267,-89.73214285714286,-25.410872313527182,,,14295.0,14293.0,-1.0,22787.0,22727.0,-76.78571428571429,-68.30357142857143,DOWN,,,,,14186.0,14160.0,1,22917.0,22478.0,22693.0,22917.0,439.0,,,22434.1,22917.0,281.90000000000146,201.0,1.2409755238598408,0.8848388800845218,True,False,SHORT,85.0,45.0
14364,20260331  12:33:00,22892.0,22892.0,22867.0,22873.0,-1,22902.869326087308,22839.443486073935,22969.40750916255,22709.47946298532,31.862514005388032,-0.004188710141784144,-0.002355163786781759,-74.80314960629921,-11.282660332541568,,,14363.0,14360.0,-1.0,22918.0,22886.0,-59.84251968503937,-46.45669291338583,DOWN,,,,,14314.0,14299.0,1,22960.0,22671.0,22841.0,22968.0,289.0,,,22642.1,22968.8,230.90000000000146,95.79999999999927,1.0094871682770143,0.4188344336116787,True,False,SHORT,177.0,69.0
14446,20260331  16:39:00,22932.0,22950.0,22920.0,22922.0,-1,22953.76123058573,22908.64146171886,23038.73913280241,22778.54379063531,29.042327227793987,-0.0066504040299891,-0.0028311834489086907,-80.83333333333333,-13.852813852813853,,,14444.0,14440.0,-1.0,23000.0,22929.0,-50.0,-47.5,DOWN,,,,,14376.0,14368.0,1,23050.0,22804.0,22868.0,23050.0,246.0,,,22779.4,23050.0,142.59999999999854,128.0,0.6221097635459321,0.5584154960300148,True,False,SHORT,28.0,83.0
14462,20260331  17:27:00,22877.0,22881.0,22815.0,22817.0,-1,22884.506273187202,22904.77224963365,22981.44246149113,22828.10203777617,22.17371373840886,-0.02291010253257093,-0.006907294065042178,-99.01960784313725,-25.216450216450216,,,14461.0,14460.0,-1.0,22916.0,22871.0,-78.88888888888889,-68.88888888888889,DOWN,,,,,14376.0,14368.0,1,23050.0,22804.0,22815.0,23050.0,246.0,,,22779.4,23050.0,37.599999999998545,233.0,0.1647894114037715,1.0211684270500065,True,False,SHORT,85.0,38.0
14609,20260401  04:57:00,23215.0,23215.0,23201.0,23202.0,-1,23210.066029055328,23133.20375696304,23410.901932782675,22855.505581143407,49.52460309894792,-0.004783730759579407,-0.0004011958055424973,-91.13924050632912,-7.205452775073028,23215.0,,14609.0,14607.0,-1.0,23215.0,23207.0,-91.13924050632912,-82.27848101265823,DOWN,,,,,14555.0,14463.0,1,23276.0,22779.0,23195.0,23276.0,497.0,,,22729.3,23276.0,472.7000000000007,74.0,2.037324368588918,0.31893802258425996,True,False,SHORT,22.0,8.0
14811,20260401  15:03:00,23394.0,23403.0,23369.0,23377.0,-1,23412.20265170611,23369.65195408482,23519.936951110423,23219.366957059217,36.74279961063144,-0.010081469671673957,-0.0013701052586049083,-96.58119658119658,-20.08888888888889,23403.0,,14811.0,14802.0,-1.0,23403.0,23408.0,-96.58119658119658,-47.84688995215311,DOWN,,,,,14804.0,14737.0,1,23603.0,23205.0,23369.0,23603.0,398.0,,,23165.2,23603.0,211.79999999999927,226.0,0.9060187363648,0.9667622021645207,True,False,SHORT,127.0,46.0
14907,20260401  19:51:00,23524.0,23529.0,23516.0,23520.0,-1,23530.92985004075,23462.468509936563,23599.267003183453,23325.670016689674,35.1848962413111,-0.003367814223606222,-0.0005919868075807523,-70.83333333333333,-7.377777777777778,23529.0,,14907.0,14902.0,-1.0,23529.0,23525.0,-70.83333333333333,-43.90243902439025,DOWN,,,,,14872.0,14826.0,1,23571.0,23331.0,23499.0,23571.0,240.0,,,23307.0,23571.0,213.0,51.0,0.9056122448979591,0.21683673469387754,True,False,SHORT,9.0,153.0
14972,20260402  03:15:00,23440.0,23445.0,23313.0,23314.0,-1,23431.190423305852,23462.008797783838,23569.139655987048,23354.877939580627,15.763729372385304,-0.03558551732791053,-0.013364799630970616,-99.58677685950413,-30.38906414300736,,,14970.0,14969.0,-1.0,23523.0,23355.0,-50.5,-81.0,DOWN,,,,,14950.0,14922.0,1,23555.0,23367.0,23313.0,23555.0,188.0,,,23348.2,23555.0,-34.20000000000073,241.0,-0.14669297417860824,1.033713648451574,True,False,SHORT,131.0,333.0
15138,20260402  11:33:00,23088.0,23091.0,23063.0,23065.0,-1,23095.055832250913,23136.12396813505,23231.263119634277,23040.98481663582,-33.31218381354043,-0.0048289782299953616,0.0021932553840870346,-98.30508474576271,-65.29126213592232,,,15135.0,15132.0,-1.0,23119.0,23072.0,-62.38532110091743,-82.56880733944953,DOWN,,,,,15107.0,15064.0,1,23181.0,22981.0,23063.0,23181.0,200.0,,,22961.0,23181.0,104.0,116.0,0.4508996314762628,0.5029265120312161,True,False,SHORT,31.0,217.0
15376,20260407  03:36:00,23436.0,23436.0,23389.0,23390.0,-1,23428.919336722764,23324.80589956247,23540.549793752223,23109.062005372718,48.206485319218935,-0.0023457137662346588,-0.0019388751677505967,-75.12953367875647,-28.211920529801326,,,15373.0,15372.0,-1.0,23441.0,23415.0,-49.22279792746114,-52.33160621761658,DOWN,,,,,15349.0,15190.0,1,23535.0,22848.0,23389.0,23535.0,687.0,,,22779.3,23535.0,610.7000000000007,145.0,2.6109448482257402,0.6199230440359128,True,False,SHORT,46.0,69.0
15442,20260407  06:54:00,23319.0,23323.0,23309.0,23311.0,-1,23327.669705500164,23336.163281273653,23426.001370517828,23246.32519202948,22.463490109221933,-0.017438845024584915,-0.0012526209682921716,-96.66666666666667,-38.675496688741724,,,15440.0,15439.0,-1.0,23335.0,23319.0,-82.0,-90.56603773584905,DOWN,,,,,15349.0,15190.0,1,23535.0,22848.0,23309.0,23535.0,687.0,,,22779.3,23535.0,531.7000000000007,224.0,2.2808974303976695,0.9609197374630002,True,False,SHORT,28.0,60.0
15574,20260407  13:30:00,23303.0,23310.0,23276.0,23281.0,-1,23319.76726961815,23395.721895969902,23596.71264363061,23194.731148309194,17.804716565773276,-0.03924720505770392,-0.0064072914519358315,-97.1608832807571,-42.64900662251656,,,15572.0,15567.0,-1.0,23361.0,23295.0,-73.50157728706624,-87.38170347003154,DOWN,,,,,15535.0,15478.0,1,23589.0,23251.0,23272.0,23589.0,338.0,,,23217.2,23589.0,63.79999999999927,308.0,0.2740432112022648,1.3229672264937073,True,False,SHORT,91.0,264.0
15870,20260408  08:27:00,24304.0,24305.0,24284.0,24287.0,-1,24309.52791207504,24042.65669256228,24805.702726451153,23279.610658673406,140.53538225999432,-0.0030446591345163233,-0.0005027537741562542,-61.42857142857143,-8.22704081632653,,,15869.0,15863.0,-1.0,24323.0,24300.0,-53.333333333333336,-48.57142857142857,DOWN,,,,,15861.0,15626.0,1,24416.0,23017.0,24282.0,24416.0,1399.0,,,22877.1,24416.0,1409.9000000000015,129.0,5.8051632560629205,0.5311483509696546,True,False,SHORT,48.0,28.0
15935,20260408  11:42:00,24140.0,24140.0,24072.0,24075.0,-1,24145.036971218524,24125.30954360128,24245.56605472712,24005.05303247544,79.05750432919824,-0.013077606360882447,-0.0020711690975151586,-97.77777777777777,-21.747448979591837,,,15933.0,15932.0,-1.0,24190.0,24133.0,-50.0,-52.86624203821656,DOWN,,,,,15861.0,15626.0,1,24416.0,23017.0,24072.0,24416.0,1399.0,,,22877.1,24416.0,1197.9000000000015,341.0,4.975700934579446,1.4164070612668742,True,False,SHORT,85.0,13.0
16089,20260408  19:24:00,24235.0,24238.0,24218.0,24221.0,-1,24244.574185355137,24237.16791803674,24348.052774082113,24126.283061991366,26.18905625511532,-0.013322873284982188,-0.0019066150607147166,-70.33898305084746,-13.938527519656898,,,16088.0,16086.0,-1.0,24255.0,24235.0,-58.47457627118644,-42.5531914893617,DOWN,,,,,15996.0,15936.0,1,24356.0,24062.0,24143.0,24356.0,294.0,,,24032.6,24356.0,188.40000000000146,135.0,0.7778374138144645,0.5573675735931629,True,False,SHORT,40.0,19.0
16158,20260409  03:00:00,24097.0,24111.0,24089.0,24090.0,-1,24112.531842781285,24194.053055204946,24309.394855057522,24078.71125535237,-2.1759707313704726,0.3773936621973422,-0.14141811924345943,-99.34640522875817,-23.302358827734096,24111.0,,16158.0,16153.0,-1.0,24111.0,24114.0,-99.34640522875817,-86.61971830985915,DOWN,,,,,15996.0,15936.0,1,24356.0,24062.0,24089.0,24356.0,294.0,,,24032.6,24356.0,57.400000000001455,266.0,0.23827314238273745,1.104192611041926,True,False,SHORT,21.0,42.0
16284,20260409  09:18:00,24078.0,24082.0,24045.0,24046.0,-1,24099.20380154492,24115.763619118545,24185.305074938125,24046.222163298964,-10.827759963392703,0.005639210401563527,0.011837370054245646,-99.31506849315069,-26.447462473195138,,,16278.0,16275.0,-1.0,24191.0,24075.0,-22.22222222222222,-68.88888888888889,DOWN,,,,,16278.0,16166.0,1,24191.0,24048.0,24045.0,24191.0,143.0,,,24033.7,24191.0,12.299999999999272,145.0,0.051151958745734305,0.6030108957830824,True,False,SHORT,36.0,122.0
16415,20260409  15:51:00,23913.0,23916.0,23886.0,23900.0,-1,23920.040926102534,23996.73791957603,24110.96589107709,23882.50994807497,-23.357825983778373,0.007839433514629393,0.0017808190919736,-90.47619047619048,-36.883488205861326,,,16412.0,16410.0,-1.0,23942.0,23907.0,-79.36507936507937,-96.03174603174604,DOWN,,,,,16391.0,16318.0,1,24033.0,23924.0,23886.0,24033.0,109.0,,,23913.1,24033.0,-13.099999999998545,133.0,-0.05481171548116546,0.5564853556485356,True,False,SHORT,34.0,48.0
16498,20260409  20:00:00,24095.0,24096.0,24062.0,24068.0,-1,24089.867836884587,24015.903165244355,24159.50860070734,23872.29772978137,3.1337698068939157,0.13982014332340575,-0.057243032493556695,-64.36781609195403,-27.884615384615383,24096.0,,16498.0,16495.0,-1.0,24096.0,24085.0,-64.36781609195403,-35.632183908045974,DOWN,,,,,16459.0,16439.0,1,24124.0,23852.0,24037.0,24124.0,272.0,,,23824.8,24124.0,243.20000000000073,56.0,1.0104703340535182,0.23267409007811202,True,False,SHORT,28.0,61.0
16580,20260410  04:15:00,24067.0,24070.0,24056.0,24059.0,-1,24073.499161644497,24044.86421475537,24174.51307208009,23915.215357430647,8.287186445370848,0.002028081589755531,-0.004593013213850293,-61.8421052631579,-63.297872340425535,,,16579.0,16576.0,-1.0,24081.0,24063.0,-51.31578947368421,-45.0,DOWN,,,,,16538.0,16509.0,1,24110.0,24007.0,24030.0,24110.0,103.0,,,23996.7,24110.0,62.29999999999927,51.0,0.258946755891763,0.21197888524045055,True,False,SHORT,21.0,11.0
16644,20260410  07:27:00,24087.0,24088.0,24071.0,24072.0,-1,24086.93002882057,24065.78471739185,24106.506619288073,24025.062815495625,9.618174319010949,-0.003911231268659506,-0.003217856512119572,-74.0,-60.99290780141844,,,16641.0,16640.0,-1.0,24095.0,24079.0,-30.0,-52.0,DOWN,,,,,16538.0,16509.0,1,24110.0,24007.0,24030.0,24110.0,103.0,,,23996.7,24110.0,75.29999999999927,38.0,0.3128115653040847,0.15785975407111996,True,False,SHORT,49.0,131.0
16793,20260410  14:54:00,24180.0,24187.0,24152.0,24157.0,-1,24176.442210382582,24106.414688255605,24240.04349151408,23972.78588499713,17.6380039448082,0.007613273067951179,-0.0027974709129224883,-75.22123893805309,-39.48412698412698,24187.0,,16793.0,16790.0,-1.0,24187.0,24168.0,-75.22123893805309,-54.86725663716814,DOWN,,,,,16785.0,16714.0,1,24242.0,23941.0,24152.0,24242.0,301.0,,,23910.9,24242.0,246.09999999999854,85.0,1.0187523285176079,0.3518648838845883,True,False,SHORT,30.0,266.0
17160,20260413  13:24:00,23741.0,23742.0,23716.0,23718.0,-1,23741.251405987325,23746.60909552258,23821.18354133979,23672.034649705372,-12.843996899003168,-0.007113293021198681,0.003945582550257025,-89.47368421052632,-81.61993769470405,,,17156.0,17155.0,-1.0,23757.0,23739.0,-55.69620253164557,-43.037974683544306,DOWN,,,,,17093.0,16937.0,1,23794.0,23600.0,23710.0,23794.0,194.0,,,23580.6,23794.0,137.40000000000146,76.0,0.5793068555527509,0.3204317396070495,True,False,SHORT,26.0,64.0
17369,20260414  04:00:00,24073.0,24074.0,24068.0,24070.0,-1,24078.896861555913,24016.174033980806,24174.121515551396,23858.226552410215,44.13239112819065,-0.006030573376875913,-0.0005664032781485884,-97.5609756097561,-26.79127725856698,,,17365.0,17363.0,-1.0,24091.0,24074.0,-66.66666666666667,-75.26881720430107,DOWN,,,,,17332.0,17173.0,1,24150.0,23654.0,24068.0,24150.0,496.0,,,23604.4,24150.0,465.59999999999854,80.0,1.9343581221437411,0.3323639385126714,True,False,SHORT,31.0,29.0
17539,20260414  12:30:00,24144.0,24145.0,24127.0,24129.0,-1,24143.99739203981,24119.40955746764,24218.224230525728,24020.59488440955,24.125487147607032,-0.008114042627587253,-0.0017849299807438561,-90.35087719298245,-17.601246105919003,,,17535.0,17533.0,-1.0,24163.0,24132.0,-66.66666666666667,-78.94736842105263,DOWN,,,,,17509.0,17440.0,1,24232.0,24041.0,24118.0,24232.0,191.0,,,24021.9,24232.0,107.09999999999854,103.0,0.443864229765007,0.42687222843880807,True,False,SHORT,98.0,19.0
17630,20260414  17:03:00,24227.0,24236.0,24206.0,24209.0,-1,24230.906269273666,24176.97684167354,24247.518579113163,24106.435104233915,23.493431938428756,-0.0018518761532838612,-0.0022101474588769295,-72.5,-8.695652173913043,24236.0,,17630.0,17626.0,-1.0,24236.0,24231.0,-72.5,-28.089887640449437,DOWN,,,,,17614.0,17543.0,1,24267.0,24110.0,24206.0,24267.0,157.0,,,24094.3,24267.0,114.70000000000073,58.0,0.4737907389813735,0.23958032136808627,True,False,SHORT,46.0,35.0
17686,20260414  19:51:00,24232.0,24233.0,24221.0,24224.0,-1,24229.950266880074,24203.110829031488,24279.265615686105,24126.95604237687,18.90938296034093,-0.005512678905615724,-0.0009032050112746486,-63.1578947368421,-6.446776611694153,24233.0,,17686.0,17682.0,-1.0,24233.0,24227.0,-63.1578947368421,-49.12280701754386,DOWN,,,,,17658.0,17634.0,1,24260.0,24174.0,24203.0,24260.0,86.0,,,24165.4,24260.0,58.599999999998545,36.0,0.24190885072654617,0.1486129458388375,True,False,SHORT,12.0,7.0
17769,20260415  04:09:00,24217.0,24219.0,24204.0,24205.0,-1,24215.67698124628,24216.844595357456,24239.136821362063,24194.55236935285,9.430106332156718,-0.015182545746927982,-0.0022238032637678685,-97.5609756097561,-10.0,24219.0,,17769.0,17767.0,-1.0,24219.0,24214.0,-97.5609756097561,-73.6842105263158,DOWN,,,,,17718.0,17697.0,1,24245.0,24201.0,24204.0,24245.0,44.0,,,24196.6,24245.0,8.400000000001455,40.0,0.034703573641815554,0.16525511258004544,True,False,SHORT,26.0,48.0
17977,20260415  14:33:00,24222.0,24230.0,24216.0,24217.0,-1,24228.340573968348,24222.057083502346,24270.36967345771,24173.744493546983,2.920515920422694,-0.008403155255361065,-0.007990307793820811,-70.58823529411765,-16.848673946957877,,,17976.0,17972.0,-1.0,24239.0,24223.0,-67.3202614379085,-58.59872611464968,DOWN,,,,,17961.0,17935.0,1,24325.0,24168.0,24203.0,24325.0,157.0,,,24152.3,24325.0,64.70000000000073,108.0,0.26716769211711083,0.44596770863443036,True,False,SHORT,77.0,10.0
18056,20260415  18:30:00,24252.0,24255.0,24238.0,24241.0,-1,24246.312902724967,24240.603846907496,24283.55323135354,24197.65446246145,5.423114227867658,-0.005361292995364212,-0.0035029769798176876,-66.66666666666667,-21.05263157894737,,,18055.0,18054.0,-1.0,24259.0,24245.0,-55.55555555555556,-56.0,DOWN,,,,,17961.0,17935.0,1,24325.0,24168.0,24203.0,24325.0,157.0,,,24152.3,24325.0,88.70000000000073,84.0,0.36590899715358577,0.34652035807103665,True,False,SHORT,14.0,50.0
18263,20260416  09:00:00,24328.0,24331.0,24257.0,24269.0,-1,24315.55596878446,24296.502707789536,24337.424770917976,24255.580644661095,10.633864154269359,-0.009537766046762547,-0.009186519204429689,-87.87878787878788,-31.182795698924732,24331.0,,18263.0,18261.0,-1.0,24331.0,24311.0,-87.87878787878788,-53.6231884057971,DOWN,,,,,18249.0,18064.0,1,24356.0,24191.0,24257.0,24356.0,165.0,,,24174.5,24356.0,94.5,87.0,0.3893856359965388,0.3584820140920516,True,False,SHORT,62.0,46.0
18432,20260416  17:27:00,24334.0,24339.0,24314.0,24315.0,-1,24326.27812771438,24333.5728975901,24430.295124683384,24236.850670496817,6.528453052850737,-0.017988575913911512,-0.004625369279520505,-65.49707602339181,-41.48148148148148,,,18431.0,18430.0,-1.0,24341.0,24324.0,-54.3859649122807,-57.30994152046784,DOWN,,,,,18393.0,18291.0,1,24427.0,24223.0,24256.0,24427.0,204.0,,,24202.6,24427.0,112.40000000000146,112.0,0.4622660908904028,0.46062101583384746,True,False,SHORT,48.0,98.0
18647,20260417  08:21:00,24314.0,24314.0,24298.0,24300.0,-1,24318.05105458603,24309.55762856169,24351.590009566833,24267.52524755655,1.5175078864757923,-0.0019221159572235986,-0.030889137692815278,-86.04651162790698,-49.034749034749034,,,18646.0,18643.0,-1.0,24331.0,24313.0,-53.48837209302326,-39.53488372093023,DOWN,,,,,18536.0,18468.0,1,24338.0,24217.0,24286.0,24338.0,121.0,,,24204.9,24338.0,95.09999999999854,38.0,0.39135802469135206,0.15637860082304528,True,False,SHORT,25.0,28.0
18744,20260417  13:12:00,24445.0,24445.0,24423.0,24423.0,-1,24454.142637635607,24401.452810511306,24553.14336161582,24249.76225940679,24.928140774545792,-0.004144692233402896,-0.003133785759053132,-100.0,-31.15727002967359,,,18741.0,18735.0,-1.0,24489.0,24443.0,-78.82352941176471,-84.70588235294117,DOWN,,,,,18718.0,18652.0,1,24528.0,24272.0,24423.0,24528.0,256.0,,,24246.4,24528.0,176.59999999999854,105.0,0.7230888916185503,0.4299226139294927,True,False,SHORT,157.0,8.0
19079,20260420  10:06:00,24493.0,24495.0,24462.0,24469.0,-1,24502.037221133643,24577.69897307545,24655.2874441516,24500.1105019993,-22.563103386262224,0.008421104947185868,0.003286725320936274,-95.39473684210526,-66.44474034620507,,,19077.0,19075.0,-1.0,24533.0,24489.0,-80.3030303030303,-86.36363636363636,DOWN,,,,,19062.0,18922.0,1,24614.0,24450.0,24462.0,24630.0,164.0,,,24433.6,24631.6,35.400000000001455,162.59999999999854,0.144672851362955,0.6645142833789633,True,False,SHORT,78.0,24.0
19380,20260421  05:18:00,24656.0,24656.0,24646.0,24650.0,-1,24657.537068024903,24621.259249107643,24704.670762606962,24537.847735608324,14.195730597722084,-0.00034755416517266713,-0.0015575687791410664,-85.18518518518519,-45.689655172413794,,,19379.0,19377.0,-1.0,24661.0,24657.0,-58.62068965517241,-33.333333333333336,DOWN,,,,,19317.0,19214.0,1,24690.0,24495.0,24607.0,24690.0,195.0,,,24475.5,24690.0,174.5,40.0,0.7079107505070994,0.16227180527383367,True,False,SHORT,10.0,14.0
19434,20260421  08:00:00,24703.0,24711.0,24683.0,24683.0,-1,24701.81287562841,24651.43991033366,24725.092451058514,24577.787369608803,16.721318462769673,0.00183924073929315,-0.002027334181589631,-56.33802816901409,-40.94827586206897,24711.0,,19434.0,19431.0,-1.0,24711.0,24696.0,-56.33802816901409,-28.571428571428573,DOWN,,,,,19423.0,19381.0,1,24723.0,24636.0,24683.0,24723.0,87.0,,,24627.3,24723.0,55.70000000000073,40.0,0.2256613863792923,0.16205485556860996,True,False,SHORT,28.0,36.0
19549,20260421  13:45:00,24711.0,24712.0,24698.0,24699.0,-1,24714.16279341372,24702.232339084967,24753.833958315478,24650.630719854456,14.41031741255142,-0.010273132217196631,-0.002695366200201793,-85.13513513513513,-48.64376130198915,,,19547.0,19545.0,-1.0,24727.0,24711.0,-54.054054054054056,-64.86486486486487,DOWN,,,,,19488.0,19455.0,1,24765.0,24647.0,24688.0,24765.0,118.0,,,24635.2,24765.0,63.79999999999927,66.0,0.2583100530385816,0.2672172962468116,True,False,SHORT,13.0,535.0
19875,20260422  10:12:00,24451.0,24453.0,24437.0,24440.0,-1,24459.171345707782,24440.335611097616,24538.843557063836,24341.827665131397,3.3843394641753335,9.208618244592459e-05,-0.012111760342447625,-97.19626168224299,-54.0765391014975,,,19872.0,19871.0,-1.0,24476.0,24444.0,-71.0,-89.0,DOWN,,,,,19853.0,19811.0,1,24544.0,24348.0,24437.0,24544.0,196.0,,,24328.4,24544.0,111.59999999999854,104.0,0.45662847790506766,0.425531914893617,True,False,SHORT,34.0,134.0
19961,20260422  14:30:00,24419.0,24420.0,24397.0,24406.0,-1,24428.627407353026,24415.72883399923,24513.434100944876,24318.023567053584,-4.36249541822147,-0.02140306448928043,0.015876201713594298,-52.99145299145299,-59.73377703826955,,,19960.0,19955.0,-1.0,24468.0,24421.0,-41.88034188034188,-6.569343065693431,DOWN,,,,,19960.0,19915.0,1,24468.0,24306.0,24397.0,24468.0,162.0,,,24289.8,24468.0,116.20000000000073,62.0,0.4761124313693384,0.2540358928132426,True,False,SHORT,51.0,126.0
20271,20260423  10:09:00,24248.0,24261.0,24236.0,24240.0,-1,24274.524308892993,24191.019086027456,24360.652945171056,24021.385226883856,-11.141280112594403,-0.04363546035586736,0.004733574971408493,-51.075268817204304,-68.717277486911,,,20264.0,20259.0,-1.0,24335.0,24254.0,-6.730769230769231,-7.772020725388601,DOWN,,,,,20264.0,20113.0,1,24335.0,24001.0,24236.0,24335.0,334.0,,,23967.6,24335.0,272.40000000000146,95.0,1.1237623762376299,0.3919141914191419,True,False,SHORT,69.0,106.0
20460,20260423  19:36:00,24183.0,24187.0,24101.0,24128.0,-1,24185.25121216325,24275.74805090187,24391.64630978066,24159.849792023084,11.703422599904984,-0.06492245043242732,-0.009921143689893282,-91.0299003322259,-76.61141804788214,,,20459.0,20458.0,-1.0,24207.0,24139.0,-83.26996197718631,-86.69201520912547,DOWN,,,,,20427.0,20363.0,1,24402.0,24171.0,24101.0,24402.0,231.0,,,24147.9,24402.0,-19.900000000001455,274.0,-0.08247679045093442,1.135610079575597,True,False,SHORT,146.0,147.0
20548,20260424  04:09:00,24244.0,24244.0,24227.0,24233.0,-1,24245.664176110895,24257.42288748043,24394.53359106338,24120.312183897477,1.9185193956176771,-0.06162263107161022,-0.013596923698579857,-95.08196721311475,-55.239786856127886,,,20547.0,20545.0,-1.0,24246.0,24237.0,-82.67716535433071,-70.19867549668874,DOWN,,,,,20510.0,20463.0,1,24349.0,23981.0,24227.0,24349.0,368.0,,,23944.2,24349.0,288.7999999999993,116.0,1.1917632979820874,0.47868608921718314,True,False,SHORT,30.0,56.0
20648,20260424  09:09:00,24307.0,24315.0,24286.0,24300.0,-1,24315.349019673504,24272.82515496185,24374.540787800135,24171.109522123566,9.376950289501409,0.006996911579005345,-0.004573092533225147,-58.16326530612245,-43.3392539964476,24315.0,,20648.0,20643.0,-1.0,24315.0,24307.0,-58.16326530612245,-42.708333333333336,DOWN,,,,,20645.0,20566.0,1,24357.0,24177.0,24286.0,24357.0,180.0,,,24159.0,24357.0,141.0,57.0,0.5802469135802469,0.2345679012345679,True,False,SHORT,31.0,50.0
20665,20260424  10:00:00,24311.0,24317.0,24271.0,24277.0,-1,24293.746931495945,24276.839675120435,24375.31988501051,24178.35946523036,8.999751401312642,-0.002594411718827636,-0.003970841324876111,-74.76635514018692,-42.52427184466019,24317.0,,20665.0,20663.0,-1.0,24317.0,24286.0,-74.76635514018692,-55.14018691588785,DOWN,,,,,20645.0,20566.0,1,24357.0,24177.0,24250.0,24357.0,180.0,,,24159.0,24357.0,118.0,80.0,0.48605676154384814,0.3295300078263377,True,False,SHORT,47.0,45.0
20675,20260424  10:30:00,24244.0,24244.0,24218.0,24227.0,-1,24264.803874929734,24275.37326870058,24370.81654033056,24179.929997070598,7.385561206579239,-0.032154949910699004,-0.01506017087851897,-93.5251798561151,-50.10141987829615,,,20672.0,20668.0,-1.0,24338.0,24232.0,-50.4,-93.6,DOWN,,,,,20645.0,20566.0,1,24357.0,24177.0,24218.0,24357.0,180.0,,,24159.0,24357.0,68.0,130.0,0.28067858174763693,0.5365914062822471,True,False,SHORT,17.0,103.0
20759,20260424  14:42:00,24285.0,24291.0,24261.0,24268.0,-1,24306.889295446996,24274.820494773838,24415.73836685145,24133.902622696227,8.2555661448882,-0.008620490408752172,-0.0074844320716273135,-75.84905660377359,-41.18852459016394,24291.0,,20759.0,20757.0,-1.0,24291.0,24271.0,-75.84905660377359,-69.88847583643123,DOWN,,,,,20735.0,20692.0,1,24469.0,24124.0,24261.0,24469.0,345.0,,,24089.5,24469.0,178.5,201.0,0.7355365089830229,0.8282511949892863,True,False,SHORT,147.0,52.0
20838,20260424  18:39:00,24334.0,24336.0,24314.0,24317.0,-1,24331.951118633086,24289.03501786556,24422.739178290863,24155.330857440258,8.0311374581569,0.015626084559139778,-0.005955455974950737,-64.1304347826087,-31.147540983606557,,,20835.0,20834.0,-1.0,24354.0,24325.0,-51.08695652173913,-56.52173913043478,DOWN,,,,,20735.0,20692.0,1,24469.0,24124.0,24216.0,24469.0,345.0,,,24089.5,24469.0,227.5,152.0,0.9355594851338569,0.6250771065509726,True,False,SHORT,29.0,18.0
20912,20260427  02:30:00,24285.0,24290.0,24272.0,24275.0,-1,24308.02644705458,24325.79379256337,24405.414761421096,24246.172823705645,12.412140118266192,-0.031823708000177406,-0.002730441178563161,-97.88732394366197,-39.75409836065574,24290.0,,20912.0,20910.0,-1.0,24290.0,24283.0,-97.88732394366197,-94.11764705882354,DOWN,,,,,20735.0,20692.0,1,24469.0,24124.0,24216.0,24469.0,345.0,,,24089.5,24469.0,185.5,194.0,0.7641606591143152,0.7991761071060761,True,False,SHORT,95.0,5.0
20982,20260427  06:00:00,24358.0,24360.0,24339.0,24343.0,-1,24358.3893969854,24345.938357740983,24398.501606507965,24293.375108974,10.835590595268267,-0.009347396779617042,-0.003235788299885918,-93.54838709677419,-25.81967213114754,,,20980.0,20979.0,-1.0,24366.0,24358.0,-85.71428571428571,-77.55102040816327,DOWN,,,,,20948.0,20913.0,1,24401.0,24270.0,24339.0,24401.0,131.0,,,24256.9,24401.0,86.09999999999854,58.0,0.35369510742307253,0.23826151254980896,True,False,SHORT,27.0,78.0
21150,20260427  14:24:00,24438.0,24441.0,24416.0,24422.0,-1,24443.922191461937,24394.40394670813,24527.918684991262,24260.889208425,19.311406186609887,-0.0018785479844551994,-0.0024900171905282006,-81.81818181818181,-16.949152542372882,,,21148.0,21146.0,-1.0,24453.0,24438.0,-65.45454545454545,-54.54545454545455,DOWN,,,,,21132.0,21065.0,1,24512.0,24265.0,24416.0,24512.0,247.0,,,24240.3,24512.0,181.70000000000073,90.0,0.7440013102940002,0.36852018671689457,True,False,SHORT,19.0,246.0
21294,20260427  21:36:00,24270.0,24270.0,24258.0,24261.0,-1,24271.602399156483,24290.80476957327,24413.106083105773,24168.50345604077,-13.43550733195344,-0.004298801245510266,0.0022436400704883216,-72.72727272727273,-64.69072164948453,,,21292.0,21291.0,-1.0,24281.0,24272.0,-43.18181818181818,-47.72727272727273,DOWN,,,,,21253.0,21204.0,1,24296.0,24176.0,24252.0,24296.0,120.0,,,24164.0,24296.0,97.0,35.0,0.3998186389678909,0.14426445735954824,True,False,SHORT,34.0,61.0
21401,20260428  07:06:00,24272.0,24274.0,24258.0,24260.0,-1,24276.648621223532,24272.862191050262,24297.373622797335,24248.35075930319,-5.7701930408350135,-0.010234243026256449,0.006192409074434142,-81.81818181818181,-64.94845360824742,,,21399.0,21396.0,-1.0,24286.0,24284.0,-36.8421052631579,-15.789473684210526,DOWN,,,,,21393.0,21360.0,1,24296.0,24239.0,24258.0,24296.0,57.0,,,24233.3,24296.0,26.700000000000728,36.0,0.11005770816158586,0.1483924154987634,True,False,SHORT,28.0,239.0
21833,20260429  08:51:00,24191.0,24191.0,24182.0,24184.0,-1,24200.500262406807,24172.125120562283,24232.603639023026,24111.64660210154,6.8033579150997765,0.003534287889690659,-0.006454486986418444,-83.56164383561644,-66.80244399185337,,,21829.0,21828.0,-1.0,24220.0,24192.0,-44.15584415584416,-61.03896103896104,DOWN,,,,,21816.0,21549.0,1,24245.0,24021.0,24182.0,24245.0,224.0,,,23998.6,24245.0,185.40000000000146,61.0,0.7666225603704989,0.25223288124379756,True,False,SHORT,36.0,150.0
21998,20260429  17:06:00,24085.0,24088.0,24056.0,24058.0,-1,24093.24328764482,24112.01585033422,24172.144008752184,24051.887691916258,-7.789573628556215,0.008690239821966551,0.011080219072660744,-61.98830409356725,-78.54785478547855,,,21996.0,21993.0,-1.0,24128.0,24088.0,-39.1812865497076,-34.50292397660819,DOWN,,,,,21959.0,21894.0,1,24164.0,24034.0,23993.0,24164.0,130.0,,,24021.0,24164.0,37.0,106.0,0.15379499542771635,0.4406018787929171,True,False,SHORT,30.0,155.0
22139,20260430  04:18:00,24038.0,24038.0,24018.0,24018.0,-1,24037.503594055303,24018.51996139711,24107.08238687099,23929.95753592323,-12.527126683062063,-0.02009754841604099,0.004119673748456884,-56.25,-70.73791348600508,,,22136.0,22134.0,-1.0,24051.0,24040.0,-6.1946902654867255,-8.771929824561404,DOWN,,,,,22133.0,22071.0,1,24054.0,23903.0,24018.0,24054.0,151.0,,,23887.9,24054.0,130.09999999999854,36.0,0.5416770755266822,0.1498875843117662,True,False,SHORT,20.0,290.0
22621,20260504  08:33:00,24462.0,24463.0,24432.0,24439.0,-1,24461.908664375573,24429.954421172228,24472.08513575446,24387.823706589996,26.021903470440506,-0.007695689277474226,-0.0019994126167685936,-80.88235294117646,-7.421875,,,22620.0,22618.0,-1.0,24478.0,24450.0,-47.05882352941177,-60.294117647058826,DOWN,,,,,22495.0,22493.0,1,24496.0,24375.0,24392.0,24496.0,121.0,,,24362.9,24496.0,76.09999999999854,57.0,0.31138753631490057,0.23323376570236098,True,False,SHORT,35.0,80.0
22690,20260504  12:00:00,24475.0,24496.0,24429.0,24443.0,-1,24473.698111948528,24435.653083543373,24485.52346015662,24385.782706930127,12.998038094606654,0.0024893701956992757,-0.006924423147339088,-50.86206896551724,-8.21566110397946,24496.0,,22690.0,22685.0,-1.0,24496.0,24462.0,-50.86206896551724,-26.495726495726494,DOWN,,,,,22645.0,22630.0,1,24507.0,24359.0,24386.0,24507.0,148.0,,,24344.2,24507.0,98.79999999999927,64.0,0.40420570306426895,0.26183365380681584,True,False,SHORT,53.0,282.0
22749,20260504  14:57:00,24370.0,24382.0,24336.0,24346.0,-1,24365.690960748358,24392.28955031698,24517.33319565804,24267.245904975916,-4.872681414051893,0.02154372660794099,0.007931204778081792,-57.89473684210526,-20.66752246469833,24382.0,,22749.0,22745.0,-1.0,24382.0,24354.0,-57.89473684210526,-48.30508474576271,DOWN,,,,,22645.0,22630.0,1,24507.0,24359.0,24161.0,24507.0,148.0,,,24344.2,24507.0,1.7999999999992724,161.0,0.007393411648727809,0.6612995974698103,True,False,SHORT,36.0,407.0
23157,20260505  15:30:00,24437.0,24441.0,24405.0,24406.0,-1,24435.173499083976,24321.597336880895,24586.846450888126,24056.348222873665,50.91606947325054,-0.0018371760363179647,-0.0013543209679664646,-82.82828282828282,-17.781690140845072,24441.0,,23157.0,23152.0,-1.0,24441.0,24447.0,-82.82828282828282,-21.25984251968504,DOWN,,,,,23137.0,22812.0,1,24488.0,23939.0,24396.0,24488.0,549.0,,,23884.1,24488.0,521.9000000000015,82.0,2.1384085880521244,0.33598295501106284,True,False,SHORT,35.0,88.0
23525,20260506  14:03:00,25121.0,25121.0,25082.0,25094.0,-1,25132.220045631828,24953.43909454623,25369.090630792063,24537.787558300395,90.57867418844454,-0.003554741455584676,-0.00095688698123637,-92.85714285714286,-11.899313501144166,,,23522.0,23520.0,-1.0,25167.0,25105.0,-67.54966887417218,-76.68711656441718,DOWN,,,,,23507.0,23342.0,1,25250.0,24588.0,25082.0,25250.0,662.0,,,24521.8,25250.0,572.2000000000007,156.0,2.2802263489280334,0.6216625488164502,True,False,SHORT,27.0,168.0
23757,20260507  05:48:00,25045.0,25050.0,25041.0,25043.0,-1,25048.22042610382,25036.466951063794,25081.35283768672,24991.581064440867,14.464568349330797,-0.008914451081677335,-0.0009418851470239503,-86.79245283018868,-16.707021791767556,,,23755.0,23753.0,-1.0,25056.0,25047.0,-69.81132075471699,-69.81132075471699,DOWN,,,,,23718.0,23623.0,1,25089.0,24979.0,25036.0,25089.0,110.0,,,24968.0,25089.0,75.0,46.0,0.29948488599608675,0.1836840634109332,True,False,SHORT,18.0,12.0
23786,20260507  07:15:00,25046.0,25046.0,25033.0,25037.0,-1,25047.441223940263,25040.502860819885,25078.84797091397,25002.1577507258,11.444418224231848,-0.011759187204638866,-0.0018112866909587577,-83.78378378378379,-17.19128329297821,,,23785.0,23784.0,-1.0,25050.0,25040.0,-59.45945945945946,-59.45945945945946,DOWN,,,,,23718.0,23623.0,1,25089.0,24979.0,25031.0,25089.0,110.0,,,24968.0,25089.0,69.0,52.0,0.27559212365698765,0.20769261492990373,True,False,SHORT,60.0,45.0
23877,20260507  11:48:00,24994.0,25000.0,24968.0,24969.0,-1,24992.3150860225,25027.143879589756,25079.104565746744,24975.183193432767,-0.6136104555286234,0.725596557708807,-0.1953020107257185,-95.04950495049505,-30.117899249732048,,,23875.0,23871.0,-1.0,25009.0,24989.0,-70.17543859649123,-77.46478873239437,DOWN,,,,,23833.0,23807.0,1,25106.0,24992.0,24964.0,25106.0,114.0,,,24980.6,25106.0,-11.599999999998545,137.0,-0.04645760743321136,0.5486803636509272,True,False,SHORT,31.0,40.0
23952,20260507  15:33:00,24939.0,24942.0,24924.0,24926.0,-1,24947.842292714107,24990.616489699718,25069.018123843234,24912.2148555562,-8.770592080692715,0.0218964878358642,0.0032896916222752842,-98.1981981981982,-34.76394849785408,,,23951.0,23949.0,-1.0,24959.0,24938.0,-94.11764705882354,-90.72164948453609,DOWN,,,,,23937.0,23903.0,1,25035.0,24929.0,24924.0,25035.0,106.0,,,24918.4,25035.0,7.599999999998545,109.0,0.03049025114337858,0.43729439139853965,True,False,SHORT,16.0,447.0
24208,20260508  08:30:00,24562.0,24568.0,24538.0,24544.0,-1,24559.467974780997,24568.049161396026,24599.42297254642,24536.67535024563,-31.795416077686053,-0.011365568454098945,0.0013618044622820125,-52.56410256410256,-91.56939040207523,,,24207.0,24206.0,-1.0,24585.0,24557.0,-29.487179487179485,-3.0303030303030303,DOWN,,,,,24207.0,24081.0,1,24585.0,24479.0,24538.0,24585.0,106.0,,,24468.4,24585.0,75.59999999999854,41.0,0.3080182529335012,0.16704693611473273,True,False,SHORT,24.0,85.0
24274,20260508  11:48:00,24545.0,24550.0,24513.0,24516.0,-1,24547.888519670538,24538.64453040818,24582.561127650093,24494.727933166265,-20.903342359455184,-0.013755106906126338,0.0041228478546473015,-50.43478260869565,-92.79393173198483,,,24270.0,24268.0,-1.0,24574.0,24538.0,-2.608695652173913,-12.844036697247706,DOWN,,,,,24269.0,24256.0,1,24574.0,24459.0,24513.0,24574.0,115.0,,,24447.5,24574.0,68.5,58.0,0.279409365312449,0.2365801925273291,True,False,SHORT,34.0,32.0
24310,20260508  13:36:00,24511.0,24511.0,24499.0,24501.0,-1,24514.330067626477,24532.04866602056,24578.601405838166,24485.495926202955,-15.209234482746547,-0.003921054078078715,0.0015851262395276079,-80.89887640449439,-94.41489361702128,,,24309.0,24308.0,-1.0,24518.0,24504.0,-70.0,-68.88888888888889,DOWN,,,,,24269.0,24256.0,1,24574.0,24459.0,24484.0,24574.0,115.0,,,24447.5,24574.0,53.5,73.0,0.21835843434961838,0.2979470225705073,True,False,SHORT,36.0,74.0
24360,20260508  16:06:00,24495.0,24496.0,24471.0,24482.0,-1,24507.709955261736,24513.62213546445,24564.526944498793,24462.71732643011,-13.3230028242301,-0.006837232515126042,0.006533147519652653,-54.166666666666664,-91.899852724595,,,24358.0,24356.0,-1.0,24547.0,24513.0,-20.0,-21.238938053097346,DOWN,,,,,24269.0,24256.0,1,24574.0,24459.0,24427.0,24574.0,115.0,,,24447.5,24574.0,34.5,92.0,0.1409198594886039,0.37578629196961033,True,False,SHORT,14.0,149.0
